{
    "type": "minecraft:crafting_shapeless",
    "group": "ss.bottleoenchanting",
    "ingredients": [
        "minecraft:emerald",
        "minecraft:glow_ink_sac",
        "minecraft:gold_ingot",
        "minecraft:spider_eye",
        "minecraft:glass_bottle",
        "minecraft:rotten_flesh",
        "minecraft:blaze_powder",
        "minecraft:gunpowder",
        "minecraft:bone"
    ],
    "result": {
        "id":"minecraft:experience_bottle",
        "count":1,
        "components":{
            "minecraft:lore":[
                "{\"text\":\"sanwichstats\",\"italic\":false,\"color\":\"#ac2c82\"}"
            ]

        }
    }
}