{
    "type": "minecraft:crafting_shaped",
    "category": "misc",
    "pattern": [
      "#N#",
      "CEC",
      "DND"
    ],
    "key": {
      "#": "minecraft:amethyst_shard",
      "N": "minecraft:emerald",
      "C": "minecraft:chorus_fruit",
      "E": "minecraft:echo_shard",
      "D": "minecraft:diamond"
    },
    "result": {
      "id": "minecraft:echo_shard",
      "count": 5,
      "components":{
        "minecraft:lore":[
            "{\"text\":\"sanwichstats\",\"italic\":false,\"color\":\"#ac2c82\"}"
        ]
    }
  }
}
  