{
  "type": "minecraft:crafting_shaped",
  "pattern": [
      "#N#",
      "ETE",
      "FBF"
  ],
  "key": {
      "#": "minecraft:echo_shard",
      "N": "minecraft:nether_star",
      "E": "minecraft:experience_bottle",
      "T": "minecraft:torchflower_seeds",
      "F": "minecraft:firework_rocket",
      "B": "minecraft:tnt"
  },
"result": {
        "id": "minecraft:stone_pickaxe",
        "count":1,
        "components": {
          "!minecraft:damage":{},
          "!minecraft:max_damage":{},
          "!minecraft:enchantable":{},
          "!minecraft:tool":{},
          "!minecraft:attribute_modifiers":{},
  "minecraft:custom_data": {"instantpopcorn":1,"ss.majorabilityitem":1,"ss.statitem":1},
  "minecraft:max_stack_size": 4,
  "minecraft:food": {
            "nutrition": 1,
            "saturation": 1,
            "can_always_eat": true
          },
          "minecraft:consumable": {
        "consume_seconds": 3,
        "animation": "eat",
        "sound": "entity.strider.eat",
        "has_consume_particles": true
          },
  "minecraft:item_name": "{\"text\":\"Instant Popcorn\",\"color\":\"#EAC435\"}",
  "minecraft:enchantment_glint_override": true,
  "minecraft:rarity": "epic",
  "minecraft:lore": [
    "{\"text\":\"This popcorn is instant! Laws of general relativity be damned.\",\"color\":\"#60495A\"}",
    "{\"text\":\"Major Ability: Teleporation (double-jump and hold to charge, release to teleport)\",\"italic\":false,\"color\":\"#56E39F\"}",
    "{\"text\":\"-8 Health\",\"italic\":false,\"color\":\"#E83151\"}",
    "{\"text\":\"☹ You cannot wear elytra!\",\"italic\":false,\"color\":\"#E83151\"}",
    "{\"text\":\"☹ The popping can be rather startling.\",\"italic\":false,\"color\":\"#E83151\"}",
    "{\"text\":\"sanwichstats\",\"italic\":false,\"color\":\"#ac2c82\"}"
  ],
  "minecraft:item_model": "sanwichstats:tppopcorn",
  "minecraft:hide_additional_tooltip": {}
}
}
}