{
    "display": {
      "icon": {
        "id": "minecraft:slime_ball",
        "count": 1,
        "components": {
          "minecraft:enchantment_glint_override": true,
          "minecraft:custom_model_data": 9290001
        }
      },
      "title": {
        "text": "Adult Gummy                       ",
        "color": "#EAC435",
        "clickEvent": {
          "action": "open_url",
          "value": "https://www.youtube.com/watch?v=yJKwZqOQaYI"
        }
      },
      "description": {
        "text": "+2 Health",
        "color": "#345995",
        "extra": [
            {
              "text": "\n-0.5 Damage",
              "color": "#E83151"
          },
          {
            "text": "\n☹ Coconut flavor.",
            "color": "#E83151"
        },
          {
            "text": "\n\nI prefer these- I have issues with my 'joints' :)",
            "color": "#60495A"
        }
        ]
      },
      "frame": "goal",
      "show_toast": false,
      "announce_to_chat": false
    },
    "parent": "restat:packdesc/statitems/statitems",
    "criteria": {
      "requirement": {
        "trigger": "minecraft:impossible"
      }
    },
    "sends_telemetry_event": false
}