{
    "display": {
      "icon": {
        "id": "minecraft:potion",
        "count": 1,
        "components": {
          "minecraft:enchantment_glint_override": true,
          "minecraft:potion_contents": {
            "potion": "minecraft:water",
            "custom_color": 1839105
          }
        }
      },
      "title": {
        "text": "Burrower's Brew             ",
        "color": "#EAC435",
        "clickEvent": {
          "action": "open_url",
          "value": "https://www.youtube.com/watch?v=yJKwZqOQaYI"
        }
      },
      "description": {
        "text": "+0.7 Mining Speed",
        "color": "#345995",
        "extra": [
          {
            "text": "\n-0.1 Speed",
            "color": "#E83151"
          },
          {
            "text": "\n\nMade with Miner's Malt and Hasty Hops!",
            "color": "#60495A"
        }
        ]
      },
      "frame": "goal",
      "show_toast": false,
      "announce_to_chat": false
    },
    "parent": "restat:packdesc/statitems/beatroot",
    "criteria": {
      "requirement": {
        "trigger": "minecraft:impossible"
      }
    },
    "sends_telemetry_event": false
}