{
    "display": {
      "icon": {
        "id": "minecraft:bread",
        "count": 1,
        "components": {
          "minecraft:enchantment_glint_override": true,
          "minecraft:custom_model_data": 9290001
        }
      },
      "title": {
        "text": "Sweet Coffee Swirl Bread         ",
        "color": "#EAC435",
        "clickEvent": {
          "action": "open_url",
          "value": "https://www.youtube.com/watch?v=yJKwZqOQaYI"
        }
      },
      "description": {
        "text": "+0.1 Speed",
        "color": "#345995",
        "extra": [
          {
            "text": "\n-2 Health",
            "color": "#E83151"
          },
          {
            "text": "\n\nUnhealthy, but energizing!",
            "color": "#60495A"
        }
        ]
      },
      "frame": "goal",
      "show_toast": false,
      "announce_to_chat": false
    },
    "parent": "restat:packdesc/statitems/burrowerbrew",
    "criteria": {
      "requirement": {
        "trigger": "minecraft:impossible"
      }
    },
    "sends_telemetry_event": false
}