{
    "display": {
      "icon": {
        "id": "minecraft:honey_bottle",
        "count": 1,
        "components": {
          "minecraft:enchantment_glint_override": true
        }
      },
      "title": {
        "text": "Royal Honey               ",
        "color": "#EAC435",
        "clickEvent": {
          "action": "open_url",
          "value": "https://www.youtube.com/watch?v=yJKwZqOQaYI"
        }
      },
      "description": {
        "text": "+2 Health",
        "color": "#345995",
        "extra": [
          {
            "text": "\n-3 Armor",
            "color": "#E83151"
          },
          {
            "text": "\n\nGoes great with royal biscuits.",
            "color": "#60495A"
        }
        ]
      },
      "frame": "goal",
      "show_toast": false,
      "announce_to_chat": false
    },
    "parent": "restat:packdesc/statitems/fastbread",
    "criteria": {
      "requirement": {
        "trigger": "minecraft:impossible"
      }
    },
    "sends_telemetry_event": false
}