{
    "display": {
      "icon": {
        "id": "minecraft:red_mushroom",
        "count": 1,
        "components": {
          "minecraft:enchantment_glint_override": true,
          "minecraft:custom_model_data": 9290001
        }
      },
      "title": {
        "text": "Mega Mushroom            ",
        "color": "#EAC435",
        "clickEvent": {
          "action": "open_url",
          "value": "https://www.youtube.com/watch?v=yJKwZqOQaYI"
        }
      },
      "description": {
        "text": "+0.2 Size",
        "color": "#E83151",
        "extra": [
          {
            "text": "\n+2 Health",
            "color": "#345995"
          },
          {
            "text": "\n+0.3 Block Reach",
            "color": "#345995"
          },
          {
            "text": "\n+0.2 Range",
            "color": "#345995"
          },
          {
            "text": "\n+0.05 Speed",
            "color": "#345995"
          },
          {
            "text": "\n\nMakes everything look smaller...",
            "color": "#60495A"
        }
        ]
      },
      "frame": "goal",
      "show_toast": false,
      "announce_to_chat": false
    },
    "parent": "restat:packdesc/statitems/statitems",
    "criteria": {
      "requirement": {
        "trigger": "minecraft:impossible"
      }
    },
    "sends_telemetry_event": false
}