{
    "display": {
      "icon": {
        "id": "minecraft:crafting_table",
        "count": 1,
        "components": {
          "minecraft:enchantment_glint_override": true
        }
      },
      "title": {
        "text": "recipies              ",
        "color": "#EAC435",
        "clickEvent": {
          "action": "open_url",
          "value": "https://www.youtube.com/watch?v=yJKwZqOQaYI"
        }
      },
      "description": {
        "text": "The recipies for all of the stat-jumbling items can be searched for in a crafing table.",
        "color": "#EDF2F4",
        "extra": [
          {
            "text": "\n\nSearch for 'sanwichstats'",
            "color": "#345995"
          }
        ]
      },
      "frame": "task",
      "show_toast": false,
      "announce_to_chat": false
    },
    "parent": "restat:packdesc/root",
    "criteria": {
      "requirement": {
        "trigger": "minecraft:impossible"
      }
    },
    "sends_telemetry_event": false
  }
