{
    "display": {
      "icon": {
        "id": "minecraft:nether_brick",
        "count": 1,
        "components": {
          "minecraft:enchantment_glint_override": true,
          "minecraft:custom_model_data": 9290001
        }
      },
      "title": {
        "text": "Supplement Brick             ",
        "color": "#EAC435",
        "clickEvent": {
          "action": "open_url",
          "value": "https://www.youtube.com/watch?v=yJKwZqOQaYI"
        }
      },
      "description": {
        "text": "+3 Armor",
        "color": "#345995",
        "extra": [
          {
            "text": "\n-0.5 Damage",
            "color": "#E83151"
          },
          {
            "text": "\n\nHigh in vitamins. High in iron. Red flavor!",
            "color": "#60495A"
        }
        ]
      },
      "frame": "goal",
      "show_toast": false,
      "announce_to_chat": false
    },
    "parent": "restat:packdesc/statitems/royalbiscuits",
    "criteria": {
      "requirement": {
        "trigger": "minecraft:impossible"
      }
    },
    "sends_telemetry_event": false
}