{
    "display": {
      "icon": {
        "id": "minecraft:blaze_powder",
        "count": 1,
        "components": {
          "minecraft:enchantment_glint_override": true
        }
      },
      "title": {
        "text": "attack speed                 ",
        "color": "#EAC435",
        "clickEvent": {
          "action": "open_url",
          "value": "https://www.youtube.com/watch?v=yJKwZqOQaYI"
        }
      },
      "description": {
        "text": "Maximum: 4.8",
        "color": "#345995",
        "extra": [
            {
                "text": "\nDefault: 4",
                "color": "#625834"
            },
            {
              "text": "\nMinimum: 3.6",
              "color": "#E83151"
          },
          {
            "text": "\n\nYour attack speed.\nThis value is further raised/lowered by the attack speed modifier of whatever weapon you're holding. The draw speed of ranged weapons is unaffected (sadly).\n\nRepresents attacks you perform per second. ",
            "color": "#EDF2F4"
        }
        ]
      },
      "frame": "goal",
      "show_toast": false,
      "announce_to_chat": false
    },
    "parent": "restat:packdesc/armor",
    "criteria": {
      "requirement": {
        "trigger": "minecraft:impossible"
      }
    },
    "sends_telemetry_event": false
  }
