{
    "display": {
      "icon": {
        "id": "minecraft:apple",
        "count": 1,
        "components": {
          "minecraft:enchantment_glint_override": true
        }
      },
      "title": {
        "text": "health                      ",
        "color": "#EAC435",
        "clickEvent": {
          "action": "open_url",
          "value": "https://www.youtube.com/watch?v=yJKwZqOQaYI"
        }
      },
      "description": {
        "text": "Maximum: 30",
        "color": "#345995",
        "extra": [
            {
                "text": "\nDefault: 20",
                "color": "#625834"
            },
            {
              "text": "\nMinimum: 2",
              "color": "#E83151"
          },
          {
            "text": "\n\nYour health.\nThis stat may be spent the most, though this can be remedied by items that grant health (in exchange for other stats).\n\nRepresented by half-hearts.",
            "color": "#EDF2F4"
        }
        ]
      },
      "frame": "goal",
      "show_toast": false,
      "announce_to_chat": false
    },
    "parent": "restat:packdesc/damage",
    "criteria": {
      "requirement": {
        "trigger": "minecraft:impossible"
      }
    },
    "sends_telemetry_event": false
  }
