{
    "display": {
      "icon": {
        "id": "minecraft:lead",
        "count": 1,
        "components": {
          "minecraft:enchantment_glint_override": true
        }
      },
      "title": {
        "text": "range                      ",
        "color": "#EAC435",
        "clickEvent": {
          "action": "open_url",
          "value": "https://www.youtube.com/watch?v=yJKwZqOQaYI"
        }
      },
      "description": {
        "text": "Maximum: 5.0",
        "color": "#345995",
        "extra": [
            {
                "text": "\nDefault: 3.5",
                "color": "#625834"
            },
            {
              "text": "\nMinimum: 2.5",
              "color": "#E83151"
          },
          {
            "text": "\n\nThe distance from which you can interact with entities.\nThis stat does not affect the distance from which you can interact with blocks.\n\n1.0 = 1 block.",
            "color": "#EDF2F4"
        }
        ]
      },
      "frame": "goal",
      "show_toast": false,
      "announce_to_chat": false
    },
    "parent": "restat:packdesc/rootb",
    "criteria": {
      "requirement": {
        "trigger": "minecraft:impossible"
      }
    },
    "sends_telemetry_event": false
  }