{
    "display": {
      "icon": {
        "id": "minecraft:writable_book",
        "count": 1,
        "components": {
          "minecraft:enchantment_glint_override": true
        }
      },
      "title": {
        "text": "sanwichstats             ",
        "color": "#EAC435",
        "clickEvent": {
          "action": "open_url",
          "value": "https://www.youtube.com/watch?v=yJKwZqOQaYI"
        }
      },
      "description": {
        "text": "A datapack that introduces items that change your stats and other mechanics...",
        "color": "#EDF2F4",
        "extra": [
          {
            "text": "\n\n...for a cost!",
            "color": "#E83151"
          },
          {
            "text": "\n\nConstructive feedback is welcome and encouraged ",
            "color": "#625834"
        },
        {
          "text": "<3",
          "color": "#a34373"
      }
        ]
      },
      "background": "minecraft:textures/block/light_blue_terracotta.png",
      "frame": "task",
      "show_toast": false,
      "announce_to_chat": false
    },
    "criteria": {
      "requirement": {
        "trigger": "minecraft:impossible"
      }
    },
    "sends_telemetry_event": false
  }
  