{
    "display": {
      "icon": {
        "id": "minecraft:string",
        "count": 1,
        "components": {
          "minecraft:enchantment_glint_override": true
        }
      },
      "title": {
        "text": "stats                    ",
        "color": "#EAC435",
        "clickEvent": {
          "action": "open_url",
          "value": "https://www.youtube.com/watch?v=yJKwZqOQaYI"
        }
      },
      "description": {
        "text": "Stat changes persist across death, and can only be reversed through specific means (or cheats)!",
        "color": "#EDF2F4",
        "extra": [
          {
            "text": "\n\nType '",
            "color": "#EDF2F4"
          },
          {
            "text": "/trigger showstats",
            "color": "#345995"
          },
          {
            "text":"' to see a stat visualizer.",
            "color": "#EDF2F4"
          }
        ]
      },
      "frame": "task",
      "show_toast": false,
      "announce_to_chat": false
    },
    "parent": "restat:packdesc/root",
    "criteria": {
      "requirement": {
        "trigger": "minecraft:impossible"
      }
    },
    "sends_telemetry_event": false
  }
