{
    "display": {
      "icon": {
        "id": "minecraft:warped_fungus",
        "count": 1,
        "components": {
          "minecraft:enchantment_glint_override": true
        }
      },
      "title": {
        "text": "size                       ",
        "color": "#EAC435",
        "clickEvent": {
          "action": "open_url",
          "value": "https://www.youtube.com/watch?v=yJKwZqOQaYI"
        }
      },
      "description": {
        "text": "Minimum: 0.3",
        "color": "#345995",
        "extra": [
            {
                "text": "\nDefault: 1.0",
                "color": "#625834"
            },
            {
              "text": "\nMaximum: 1.7",
              "color": "#E83151"
          },
          {
            "text": "\n\nHow big or small you are!\nBeing smaller allows you to fit into smaller spaces, which is rather useful!\nBeing bigger may make spaces a bit awkward, but it's also funny.",
            "color": "#EDF2F4"
        }
        ]
      },
      "frame": "goal",
      "show_toast": false,
      "announce_to_chat": false
    },
    "parent": "restat:packdesc/range",
    "criteria": {
      "requirement": {
        "trigger": "minecraft:impossible"
      }
    },
    "sends_telemetry_event": false
  }

