{
    "display": {
      "icon": {
        "id": "minecraft:feather",
        "count": 1,
        "components": {
          "minecraft:enchantment_glint_override": true
        }
      },
      "title": {
        "text": "speed                      ",
        "color": "#EAC435",
        "clickEvent": {
          "action": "open_url",
          "value": "https://www.youtube.com/watch?v=yJKwZqOQaYI"
        }
      },
      "description": {
        "text": "Maximum: 1.6",
        "color": "#345995",
        "extra": [
            {
                "text": "\nDefault: 1.0",
                "color": "#625834"
            },
            {
              "text": "\nMinimum: 0.7",
              "color": "#E83151"
          },
          {
            "text": "\n\nYour movement speed.\nThe fastness of your stride (your quickness).",
            "color": "#EDF2F4"
        }
        ]
      },
      "frame": "goal",
      "show_toast": false,
      "announce_to_chat": false
    },
    "parent": "restat:packdesc/size",
    "criteria": {
      "requirement": {
        "trigger": "minecraft:impossible"
      }
    },
    "sends_telemetry_event": false
  }
