{
    "type": "minecraft:crafting_shaped",
    "group": "adultgummy",
    "pattern": [
        "#E#",
        "FSF",
        "TMH"
    ],
    "key": {
        "#": "minecraft:experience_bottle",
        "E": "minecraft:enchanted_golden_apple",
        "F": "minecraft:fermented_spider_eye",
        "S": "minecraft:sugar",
        "T": "minecraft:torchflower",
        "M": "minecraft:large_fern",
        "H": "minecraft:hanging_roots"
    },
    "result": {
        "id": "minecraft:stone_pickaxe",
        "count":2,
        "components": {
          "!minecraft:damage":{},
          "!minecraft:max_damage":{},
          "!minecraft:enchantable":{},
          "!minecraft:tool":{},
          "!minecraft:attribute_modifiers":{},
          "minecraft:custom_data": {"adultgummy":1,"ss.statitem":1},
          "minecraft:item_model": "sanwichstats:adultgummy",
          "minecraft:max_stack_size": 4,
          "minecraft:food": {
            "nutrition": 1,
            "saturation": 1,
            "can_always_eat": true
          },
          "minecraft:consumable": {
        "consume_seconds": 3,
        "animation": "eat",
        "sound": "entity.strider.eat",
        "has_consume_particles": true
          },
          "minecraft:item_name": "{\"text\":\"Adult Gummy\",\"color\":\"#EAC435\"}",
          "minecraft:enchantment_glint_override": true,
          "minecraft:rarity": "epic",
          "minecraft:lore": [
            "{\"text\":\"I prefer these- I have issues with my 'joints' :)\",\"color\":\"#60495A\"}",
            "{\"text\":\"+2 Health\",\"italic\":false,\"color\":\"#345995\"}",
            "{\"text\":\"-0.5 Damage\",\"italic\":false,\"color\":\"#E83151\"}",
            "{\"text\":\"☹ Coconut flavor.\",\"italic\":false,\"color\":\"#E83151\"}",
            "{\"text\":\"sanwichstats\",\"italic\":false,\"color\":\"#ac2c82\"}"
          ]
        }
      }
}