{
    "type": "minecraft:crafting_shaped",
    "pattern": [
        "#EC",
        "GSP",
        "TBR"
    ],
    "key": {
        "#": "minecraft:echo_shard",
        "E": "minecraft:experience_bottle",
        "C": "minecraft:crying_obsidian",
        "G": "minecraft:glowstone_dust",
        "S": "minecraft:sugar",
        "P": "minecraft:powder_snow_bucket",
        "T": "minecraft:gunpowder",
        "B": "minecraft:blaze_powder",
        "R": "minecraft:redstone"
    },
    "result": {
        "id": "minecraft:stone_pickaxe",
        "components": {
          "!minecraft:damage":{},
          "!minecraft:max_damage":{},
          "!minecraft:enchantable":{},
          "!minecraft:tool":{},
          "!minecraft:attribute_modifiers":{},
          "minecraft:custom_data": {"attackpowder":1,"ss.statitem":1},
          "minecraft:item_model": "sanwichstats:attackpowder",
          "minecraft:max_stack_size": 4,
          "minecraft:food": {
            "nutrition": 1,
            "saturation": 1,
            "can_always_eat": true
          },
          "minecraft:consumable": {
        "consume_seconds": 3,
        "animation": "eat",
        "sound": "entity.strider.eat",
        "has_consume_particles": true
          },
          "minecraft:item_name": "{\"text\":\"Mix of Every Powder\",\"color\":\"#EAC435\"}",
          "minecraft:enchantment_glint_override": true,
          "minecraft:rarity": "epic",
          "minecraft:lore": [
            "{\"text\":\"Clearly unfit for human consumption... right?\",\"color\":\"#60495A\"}",
            "{\"text\":\"+0.2 Attack Speed\",\"italic\":false,\"color\":\"#345995\"}",
            "{\"text\":\"-1.0 Damage\",\"italic\":false,\"color\":\"#E83151\"}",
            "{\"text\":\"-2 Health\",\"italic\":false,\"color\":\"#E83151\"}",
            "{\"text\":\"sanwichstats\",\"italic\":false,\"color\":\"#ac2c82\"}"
          ]
      }
}
}