{
  "type": "minecraft:crafting_shaped",
  "pattern": [
      "#E#",
      "IBI",
      "QNF"
  ],
  "key": {
      "#": "minecraft:crying_obsidian",
      "E": "minecraft:experience_bottle",
      "I": "minecraft:iron_bars",
      "B": "minecraft:beetroot",
      "Q": "minecraft:quartz",
      "N": "minecraft:netherite_scrap",
      "F": "minecraft:flint"
  },
"result": {
    "id": "minecraft:stone_pickaxe",
    "components": {
      "!minecraft:damage":{},
      "!minecraft:max_damage":{},
      "!minecraft:enchantable":{},
      "!minecraft:tool":{},
      "!minecraft:attribute_modifiers":{},
      "minecraft:custom_data": {"beatroot":1,"ss.statitem":1},
      "minecraft:item_model": "sanwichstats:beatroot",
      "minecraft:max_stack_size": 4,
      "minecraft:food": {
            "nutrition": 1,
            "saturation": 1,
            "can_always_eat": true
          },
          "minecraft:consumable": {
        "consume_seconds": 3,
        "animation": "eat",
        "sound": "entity.strider.eat",
        "has_consume_particles": true
          },
      "minecraft:item_name": "{\"text\":\"Beatroot\",\"color\":\"#EAC435\"}",
      "minecraft:enchantment_glint_override": true,
      "minecraft:rarity": "epic",
      "minecraft:lore": [
        "{\"text\":\"Hardens your fists, shortens your lifespan.\",\"color\":\"#60495A\"}",
        "{\"text\":\"+0.5 Damage\",\"italic\":false,\"color\":\"#345995\"}",
        "{\"text\":\"-2 Health\",\"italic\":false,\"color\":\"#E83151\"}",
        "{\"text\":\"sanwichstats\",\"italic\":false,\"color\":\"#ac2c82\"}"
      ]
  }
}
}