{
    "type": "minecraft:crafting_shaped",
    "pattern": [
        "#P#",
        "WEW",
        "ASA"
    ],
    "key": {
        "#": "minecraft:experience_bottle",
        "P": "minecraft:piston",
        "W": "minecraft:wheat",
        "E": "minecraft:enchanted_golden_apple",
        "A": "minecraft:apple",
        "S": "minecraft:sugar"
    },
  "result": {
      "id": "minecraft:stone_pickaxe",
      "components": {
        "!minecraft:damage":{},
          "!minecraft:max_damage":{},
          "!minecraft:enchantable":{},
          "!minecraft:tool":{},
          "!minecraft:attribute_modifiers":{},
        "minecraft:custom_data": {"blockreachpie":1,"ss.statitem":1,"ss.nohead":1},
        "minecraft:item_model": "sanwichstats:blockreachpie",
        "minecraft:max_stack_size": 4,
        "minecraft:food": {
            "nutrition": 1,
            "saturation": 1,
            "can_always_eat": true
          },
          "minecraft:consumable": {
        "consume_seconds": 3,
        "animation": "eat",
        "sound": "entity.strider.eat",
        "has_consume_particles": true
          },
        "minecraft:item_name": "{\"text\":\"Extendo-Apple Pie\",\"color\":\"#EAC435\"}",
        "minecraft:enchantment_glint_override": true,
        "minecraft:rarity": "epic",
        "minecraft:lore": [
          "{\"color\":\"#60495A\",\"text\":\"The apple aroma beckons you!\"}",
          "{\"text\":\"+2.5 Block Reach\",\"italic\":false,\"color\":\"#345995\"}",
          "{\"text\":\"☹ No headgear.\",\"italic\":false,\"color\":\"#E83151\"}",
          "{\"text\":\"sanwichstats\",\"italic\":false,\"color\":\"#ac2c82\"}"
        ]
      }
    }
  }