{
    "type": "minecraft:crafting_shaped",
    "pattern": [
        "###",
        "EPE",
        "TWS"
    ],
    "key": {
        "#": "minecraft:echo_shard",
        "E": "minecraft:experience_bottle",
        "P": "minecraft:glass_bottle",
        "T": "minecraft:torchflower_seeds",
        "W": "minecraft:wheat",
        "S": "minecraft:sweet_berries"
    },
    "result": {
        "id": "minecraft:stone_pickaxe",
        "components": {
          "!minecraft:damage":{},
          "!minecraft:max_damage":{},
          "!minecraft:enchantable":{},
          "!minecraft:tool":{},
          "!minecraft:attribute_modifiers":{},
          "minecraft:item_model": "sanwichstats:burrowbrew",
          "minecraft:custom_data": {"burrowerbrew":1,"ss.statitem":1},
          "minecraft:max_stack_size": 4,
          "minecraft:consumable": {
        "consume_seconds": 3,
        "animation": "drink",
        "sound": "entity.generic.drink",
        "has_consume_particles": false
          },
          "minecraft:item_name": "{\"text\":\"Burrower's Brew\",\"color\":\"#EAC435\"}",
          "minecraft:enchantment_glint_override": true,
          "minecraft:rarity": "epic",
          "minecraft:lore": [
            "{\"text\":\"Made with Miner's Malt and Hasty Hops!\",\"color\":\"#60495A\"}",
            "{\"text\":\"+0.7 Mining Speed\",\"italic\":false,\"color\":\"#345995\"}",
            "{\"text\":\"-0.1 Speed\",\"italic\":false,\"color\":\"#E83151\"}",
            "{\"text\":\"sanwichstats\",\"italic\":false,\"color\":\"#ac2c82\"}"
          ],
          "minecraft:hide_additional_tooltip": {},
          "minecraft:use_remainder": {
            "id": "minecraft:glass_bottle",
            "count": 1
          }
      }
  }
}