{
  "type": "minecraft:crafting_shaped",
  "pattern": [
      "#EX",
      "SCM",
      "BKG"
  ],
  "key": {
      "#": "minecraft:experience_bottle",
      "X": "minecraft:echo_shard",
      "E": "minecraft:enchanted_golden_apple",
      "S": "minecraft:sugar",
      "C": "minecraft:cocoa_beans",
      "M": "minecraft:milk_bucket",
      "B": "minecraft:blaze_powder",
      "K": "minecraft:crying_obsidian",
      "G": "minecraft:glowstone_dust"
  },
      "result": {
        "id": "minecraft:stone_pickaxe",
        "count": 2,
        "components": {
          "!minecraft:damage":{},
          "!minecraft:max_damage":{},
          "!minecraft:enchantable":{},
          "!minecraft:tool":{},
          "!minecraft:attribute_modifiers":{},
          "minecraft:custom_data": {"chaostruffle":1,"ss.statitem":1,"ss.nochest":1},
          "minecraft:item_model": "sanwichstats:truffle",
          "minecraft:max_stack_size": 4,
          "minecraft:food": {
            "nutrition": 1,
            "saturation": 1,
            "can_always_eat": true
          },
          "minecraft:consumable": {
        "consume_seconds": 3,
        "animation": "eat",
        "sound": "entity.strider.eat",
        "has_consume_particles": true
          },
          "minecraft:item_name": "{\"text\":\"Caramel Chaos Truffle\",\"color\":\"#EAC435\"}",
          "minecraft:rarity": "epic",
          "minecraft:lore": [
              "{\"text\":\"A dense ball of caramel-covered chaos.\",\"color\":\"#60495A\"}",
              "{\"text\":\"Just like grandma used to make!\",\"color\":\"#60495A\"}",
              "{\"text\":\"Chaotic: 5 BONUS STATS are chosen randomly (repeats possible) ↓\",\"color\":\"#56E39F\",\"italic\":false}",
              "{\"text\":\"Eat this again to reroll 🎲\",\"color\":\"#56E39F\",\"italic\":false}",
              "{\"text\":\"🎰2 Health\",\"color\":\"#345995\",\"italic\":false}",
              "{\"text\":\"🎰0.5 Damage\",\"color\":\"#345995\",\"italic\":false}",
              "{\"text\":\"🎰0.1 Speed\",\"color\":\"#345995\",\"italic\":false}",
              "{\"text\":\"🎰0.7 Mining Speed\",\"color\":\"#345995\",\"italic\":false}",
              "{\"text\":\"🎰0.5 Range\",\"color\":\"#345995\",\"italic\":false}",
              "{\"text\":\"🎰1 Block Reach\",\"color\":\"#345995\",\"italic\":false}",
              "{\"text\":\"🎰0.2 Attack Speed\",\"color\":\"#345995\",\"italic\":false}",
              "{\"text\":\"☹ No chest armor.\",\"color\":\"#E83151\",\"italic\":false}",
              "{\"text\":\"sanwichstats\",\"italic\":false,\"color\":\"#ac2c82\"}"
            ]
            }
        }
}
    