{ 
       "type": "minecraft:crafting_shaped",
"pattern": [
    "E#E",
    "WWW",
    "CGH"
],
"key": {
    "#": "minecraft:enchanted_golden_apple",
    "C": "minecraft:cocoa_beans",
    "W": "minecraft:wheat",
    "H": "minecraft:honeycomb",
    "E": "minecraft:echo_shard",
    "G": "minecraft:glow_berries"
},
"result": {
    "id": "minecraft:stone_pickaxe",
    "count": 2,
    "components": {
      "!minecraft:damage":{},
          "!minecraft:max_damage":{},
          "!minecraft:enchantable":{},
          "!minecraft:tool":{},
          "!minecraft:attribute_modifiers":{},
      "minecraft:custom_data": {"fastbread":1,"ss.statitem":1},
      "minecraft:item_model": "sanwichstats:fastbread",
      "minecraft:max_stack_size": 4,
      "minecraft:food": {
            "nutrition": 1,
            "saturation": 1,
            "can_always_eat": true
          },
          "minecraft:consumable": {
        "consume_seconds": 3,
        "animation": "eat",
        "sound": "entity.strider.eat",
        "has_consume_particles": true
          },
      "minecraft:item_name": "{\"text\":\"Sweet Coffee Swirl Bread\",\"color\":\"#EAC435\"}",
      "minecraft:enchantment_glint_override": true,
      "minecraft:rarity": "epic",
      "minecraft:lore": [
        "{\"text\":\"Unhealthy, but energizing!\",\"color\":\"#60495A\"}",
        "{\"text\":\"+0.1 Speed\",\"italic\":false,\"color\":\"#345995\"}",
        "{\"text\":\"-2 Health\",\"italic\":false,\"color\":\"#E83151\"}",
        "{\"text\":\"sanwichstats\",\"italic\":false,\"color\":\"#ac2c82\"}"
      ]
  }
}
}