{
  "type": "minecraft:crafting_shaped",
  "pattern": [
      "#S#",
      "HGH",
      "E#Z"
  ],
  "key": {
      "#": "minecraft:echo_shard",
      "S": "minecraft:sweet_berries",
      "H": "minecraft:honeycomb",
      "G": "minecraft:glass_bottle",
      "E": "minecraft:golden_carrot",
      "Z": "minecraft:glistering_melon_slice"
  },
    "result": {
      "id": "minecraft:stone_pickaxe",
      "count": 1,
      "components": {
        "!minecraft:damage":{},
          "!minecraft:max_damage":{},
          "!minecraft:enchantable":{},
          "!minecraft:tool":{},
          "!minecraft:attribute_modifiers":{},
        "minecraft:custom_data": {"healthnectar":1,"ss.statitem":1},
        "minecraft:item_model": "minecraft:honey_bottle",
        "minecraft:max_stack_size": 4,
        "minecraft:food": {
            "nutrition": 1,
            "saturation": 1,
            "can_always_eat": true
          },
          "minecraft:consumable": {
        "consume_seconds": 3,
        "animation": "drink",
        "sound": "entity.generic.drink",
        "has_consume_particles": false
          },
          "minecraft:use_remainder": {
            "id": "minecraft:glass_bottle",
            "count": 1
          },
        "minecraft:item_name": "{\"text\":\"Royal Honey\",\"color\":\"#EAC435\"}",
        "minecraft:enchantment_glint_override": true,
        "minecraft:rarity": "epic",
        "minecraft:lore": [
          "{\"text\":\"Goes great with royal biscuits.\",\"color\":\"#60495A\"}",
          "{\"text\":\"+2 Health\",\"italic\":false,\"color\":\"#345995\"}",
          "{\"text\":\"-3 Armor\",\"italic\":false,\"color\":\"#E83151\"}",
          "{\"text\":\"sanwichstats\",\"italic\":false,\"color\":\"#ac2c82\"}"
        ]
    }
  }
}
  