{
  "type": "minecraft:crafting_shaped",
  "pattern": [
      "#C#",
      "ERE",
      "KGK"
  ],
  "key": {
      "#": "minecraft:magma_cream",
      "C": "minecraft:cake",
      "E": "minecraft:experience_bottle",
      "R": "minecraft:red_mushroom",
      "K": "minecraft:crying_obsidian",
      "G": "minecraft:glow_berries"
  },
    "result": {
      "id": "minecraft:stone_pickaxe",
      "components": {
        "!minecraft:damage":{},
          "!minecraft:max_damage":{},
          "!minecraft:enchantable":{},
          "!minecraft:tool":{},
          "!minecraft:attribute_modifiers":{},
        "minecraft:custom_data": {"megamush":1,"ss.statitem":1},
        "minecraft:item_model": "sanwichstats:megamush",
        "minecraft:max_stack_size": 4,
        "minecraft:food": {
            "nutrition": 1,
            "saturation": 1,
            "can_always_eat": true
          },
          "minecraft:consumable": {
        "consume_seconds": 3,
        "animation": "eat",
        "sound": "entity.strider.eat",
        "has_consume_particles": true
          },
        "minecraft:item_name": "{\"text\":\"Mega Mushroom\",\"color\":\"#EAC435\"}",
        "minecraft:enchantment_glint_override": true,
        "minecraft:rarity": "epic",
        "minecraft:lore": [
            "{\"text\":\"Makes everything look smaller...\",\"color\":\"#60495A\"}",
            "{\"text\":\"+0.2 Size\",\"color\":\"#E83151\",\"italic\":false}",
            "{\"text\":\"+2 Health\",\"color\":\"#345995\",\"italic\":false}",
            "{\"text\":\"+0.3 Block Reach\",\"color\":\"#345995\",\"italic\":false}",
            "{\"text\":\"+0.2 Range\",\"color\":\"#345995\",\"italic\":false}",
            "{\"text\":\"+0.05 Speed\",\"color\":\"#345995\",\"italic\":false}",
            "{\"text\":\"sanwichstats\",\"italic\":false,\"color\":\"#ac2c82\"}"
          ]
          }
    }
}
  