{
    "type": "minecraft:crafting_shaped",
    "pattern": [
        "#S#",
        "CBC",
        "#P#"
    ],
    "key": {
        "#": "minecraft:echo_shard",
        "S": "minecraft:spyglass",
        "C": "minecraft:sweet_berries",
        "B": "minecraft:brown_mushroom",
        "P": "minecraft:glow_berries"
    },
    "result": {
      "id": "minecraft:stone_pickaxe",
      "components": {
        "!minecraft:damage":{},
          "!minecraft:max_damage":{},
          "!minecraft:enchantable":{},
          "!minecraft:tool":{},
          "!minecraft:attribute_modifiers":{},
        "minecraft:custom_data": {"minimush":1,"ss.statitem":1},
        "minecraft:item_model": "sanwichstats:minimush",
        "minecraft:max_stack_size": 4,
        "minecraft:food": {
            "nutrition": 1,
            "saturation": 1,
            "can_always_eat": true
          },
          "minecraft:consumable": {
        "consume_seconds": 3,
        "animation": "eat",
        "sound": "entity.strider.eat",
        "has_consume_particles": true
          },
        "minecraft:item_name": "{\"text\":\"Mini Mushroom\",\"color\":\"#EAC435\"}",
        "minecraft:enchantment_glint_override": true,
        "minecraft:rarity": "epic",
        "minecraft:lore": [
            "{\"text\":\"Makes everything look bigger...\",\"color\":\"#60495A\"}",
            "{\"text\":\"-0.2 Size\",\"color\":\"#345995\",\"italic\":false}",
            "{\"text\":\"-2 Health\",\"color\":\"#E83151\",\"italic\":false}",
            "{\"text\":\"-0.3 Block Reach\",\"color\":\"#E83151\",\"italic\":false}",
            "{\"text\":\"-0.2 Range\",\"color\":\"#E83151\",\"italic\":false}",
            "{\"text\":\"-0.05 Speed\",\"color\":\"#E83151\",\"italic\":false}",
            "{\"text\":\"sanwichstats\",\"italic\":false,\"color\":\"#ac2c82\"}"
          ]
    }
    }
  }
  