{
    "type": "minecraft:crafting_shaped",
    "group": "royalbiscuits",
    "pattern": [
        "#E#",
        "SCY",
        "JPJ"
    ],
    "key": {
        "#": "minecraft:raw_gold",
        "E": "minecraft:emerald",
        "S": "minecraft:sugar",
        "C": "minecraft:cookie",
        "Y": "minecraft:sweet_berries",
        "J": "minecraft:experience_bottle",
        "P": "minecraft:enchanted_golden_apple"
    },
    "result": {
      "id": "minecraft:stone_pickaxe",
      "count":2,
      "components": {
        "!minecraft:damage":{},
          "!minecraft:max_damage":{},
          "!minecraft:enchantable":{},
          "!minecraft:tool":{},
          "!minecraft:attribute_modifiers":{},
        "minecraft:custom_data": {"royalbiscuit":1,"ss.statitem":1},
        "minecraft:item_model": "sanwichstats:royalbiscuit",
        "minecraft:max_stack_size": 4,
        "minecraft:food": {
            "nutrition": 1,
            "saturation": 1,
            "can_always_eat": true
          },
          "minecraft:consumable": {
        "consume_seconds": 3,
        "animation": "eat",
        "sound": "entity.strider.eat",
        "has_consume_particles": true
          },
        "minecraft:item_name": "{\"text\":\"Royal Biscuit\",\"color\":\"#EAC435\"}",
        "minecraft:enchantment_glint_override": true,
        "minecraft:rarity": "epic",
        "minecraft:lore": [
            "{\"text\":\"Full disclosure: this is an American datapack.\",\"color\":\"#60495A\"}",
            "{\"text\":\"+3 Armor\",\"color\":\"#345995\",\"italic\":false}",
            "{\"text\":\"-2 Health\",\"color\":\"#E83151\",\"italic\":false}",
            "{\"text\":\"sanwichstats\",\"italic\":false,\"color\":\"#ac2c82\"}"
          ]
      }
    }
  }
  