{
  "type": "minecraft:crafting_shaped",
  "group": "supplementbrick",
  "pattern": [
      "#N#",
      "IBI",
      "RMD"
  ],
  "key": {
      "#": "minecraft:echo_shard",
      "N": "minecraft:netherite_scrap",
      "I": "minecraft:raw_iron",
      "B": "minecraft:brick",
      "R": "minecraft:redstone",
      "M": "minecraft:blaze_powder",
      "D": "minecraft:dried_kelp"
  },
    "result": {
      "id": "minecraft:stone_pickaxe",
      "components": {
        "!minecraft:damage":{},
          "!minecraft:max_damage":{},
          "!minecraft:enchantable":{},
          "!minecraft:tool":{},
          "!minecraft:attribute_modifiers":{},
        "minecraft:custom_data": {"supplements":1,"ss.statitem":1},
        "minecraft:item_model": "sanwichstats:supplementbrick",
        "minecraft:max_stack_size": 4,
        "minecraft:item_name": "{\"text\":\"Supplement Brick\",\"color\":\"#EAC435\"}",
        "minecraft:enchantment_glint_override": true,
        "minecraft:rarity": "epic",
        "minecraft:lore": [
          "{\"text\":\"High in vitamins. High in iron. Red flavor!\",\"color\":\"#60495A\"}",
          "{\"text\":\"+3 Armor\",\"color\":\"#345995\",\"italic\":false}",
          "{\"text\":\"-0.5 Damage\",\"color\":\"#E83151\",\"italic\":false}",
          "{\"text\":\"sanwichstats\",\"italic\":false,\"color\":\"#ac2c82\"}"
        ],
        "minecraft:food": {
            "nutrition": 1,
            "saturation": 1,
            "can_always_eat": true
          },
          "minecraft:consumable": {
        "consume_seconds": 3,
        "animation": "eat",
        "sound": "entity.strider.eat",
        "has_consume_particles": true
          }
    }
  }
}
  