{
    "type": "minecraft:crafting_shaped",
    "pattern": [
        "#E#",
        "CGC",
        "BEB"
    ],
    "key": {
        "#": "minecraft:cactus",
        "E": "minecraft:echo_shard",
        "C": "minecraft:crying_obsidian",
        "G": "minecraft:glass_bottle",
        "B": "minecraft:blaze_powder"
    },
    "result": {
        "id": "minecraft:stone_pickaxe",
        "count": 1,
        "components": {
          "!minecraft:damage":{},
          "!minecraft:max_damage":{},
          "!minecraft:enchantable":{},
          "!minecraft:tool":{},
          "!minecraft:attribute_modifiers":{},
          "minecraft:item_model": "sanwichstats:tequila",
          "minecraft:custom_data": {"tequila":1,"ss.statitem":1},
          "minecraft:max_stack_size": 4,
          "minecraft:item_name": "{\"text\":\"Fighting Juice\",\"color\":\"#EAC435\"}",
          "minecraft:enchantment_glint_override": true,
          "minecraft:rarity": "epic",
          "minecraft:lore": [
              "{\"text\":\"It's got a bit of a kick!\",\"color\":\"#60495A\"}",
              "{\"text\":\"+0.5 Damage\",\"color\":\"#345995\",\"italic\":false}",
              "{\"text\":\"-3 Armor\",\"color\":\"#E83151\",\"italic\":false}",
              "{\"text\":\"sanwichstats\",\"italic\":false,\"color\":\"#ac2c82\"}"
            ],
            "minecraft:hide_additional_tooltip": {},
        "minecraft:food": {
            "nutrition": 1,
            "saturation": 1,
            "can_always_eat": true
          },
          "minecraft:consumable": {
        "consume_seconds": 3,
        "animation": "drink",
        "sound": "entity.generic.drink",
        "has_consume_particles": false
          },
          "minecraft:use_remainder": {
            "id": "minecraft:glass_bottle",
            "count": 1
          }
    }
  }
}