{
  "display": {
    "icon": {
      "id": "minecraft:pumpkin_pie",
      "count": 1,
      "components": {
        "minecraft:enchantment_glint_override": true,
        "minecraft:custom_model_data": 9290001
      }
    },
    "title": {
      "text": "Extendo-Apple Pie                     ",
      "color": "#EAC435",
      "clickEvent": {
        "action": "open_url",
        "value": "https://www.youtube.com/watch?v=yJKwZqOQaYI"
      }
    },
    "description": {
      "text": "+2.5 Block Reach",
      "color": "#345995",
      "extra": [
          {
            "text": "\n☹ No headgear.",
            "color": "#E83151"
        },
        {
          "text": "\n\nThe apple aroma beckons you!",
          "color": "#60495A"
      }
      ]
    },
    "hidden": true,
    "frame": "goal",
    "show_toast": false,
    "announce_to_chat": false
  },
  "parent": "restat:packdesc/noarmor/noarmor",
  "criteria": {
    "requirement": {
      "trigger": "minecraft:impossible"
    }
  },
  "sends_telemetry_event": false
}