{
  "display": {
    "icon": {
      "id": "minecraft:cookie",
      "count": 1,
      "components": {
        "minecraft:enchantment_glint_override": true,
        "minecraft:custom_model_data": 9290004
      }
    },
    "title": {
      "text": "Caramel Chaos Truffle                                    ",
      "color": "#EAC435",
      "clickEvent": {
        "action": "open_url",
        "value": "https://www.youtube.com/watch?v=yJKwZqOQaYI"
      }
    },
    "description": {
      "text": "Chaotic: 5 BONUS STATS are chosen randomly (repeats possible) ↓\nEat this again to reroll 🎲",
      "color": "#56E39F",
      "extra": [
          {
            "text": "\n🎰2 Health\n🎰0.5 Damage\n🎰0.1 Speed\n🎰0.7 Mining Speed\n🎰0.5 Range\n🎰1 Block Reach\n🎰0.2 Attack Speed",
            "color": "#345995"
        },
        {
          "text": "\n☹ No chest armor.",
          "color": "#E83151"
      },
        {
          "text": "\n\nA dense ball of caramel-covered chaos.\nJust like grandma used to make!",
          "color": "#60495A"
      }
      ]
    },
    "hidden": true,
    "frame": "goal",
    "show_toast": false,
    "announce_to_chat": false
  },
  "parent": "restat:packdesc/noarmor/noarmor",
  "criteria": {
    "requirement": {
      "trigger": "minecraft:impossible"
    }
  },
  "sends_telemetry_event": false
}