{
    "display": {
      "icon": {
        "id": "minecraft:smithing_table",
        "count": 1,
        "components": {
          "minecraft:enchantment_glint_override": true
        }
      },
      "title": {
        "text": "armor-slot items              ",
        "color": "#EAC435",
        "clickEvent": {
          "action": "open_url",
          "value": "https://www.youtube.com/watch?v=yJKwZqOQaYI"
        }
      },
      "description": {
        "text": "Some stat-jumbling items demand an armor slot sacrifice!",
        "color": "#EDF2F4",
        "extra": [
          {
            "text": "\n\nThis section will update to show any effects you have!",
            "color": "#ac2c82"
          }
        ]
      },
      "frame": "task",
      "show_toast": false,
      "announce_to_chat": false
    },
    "parent": "restat:packdesc/root",
    "criteria": {
      "requirement": {
        "trigger": "minecraft:impossible"
      }
    },
    "sends_telemetry_event": false
  }