{
    "type": "minecraft:crafting_shaped",
    "group": "nog",
    "pattern": [
        " # ",
        "SEG",
        " B "
    ],
    "key": {
        "#": "minecraft:sweet_berries",
        "S": "minecraft:sugar",
        "E": "minecraft:egg",
        "G": "minecraft:gunpowder",
        "B": "minecraft:bucket"
    },
    "result": {
        "id": "minecraft:stone_pickaxe",
        "count":1,
        "components": {
          "!minecraft:damage":{},
          "!minecraft:max_damage":{},
          "!minecraft:enchantable":{},
          "!minecraft:tool":{},
          "!minecraft:attribute_modifiers":{},
          "minecraft:custom_data": {"nog":1,"ss.resetitem":1},
          "minecraft:item_model": "sanwichstats:nog",
          "minecraft:food": {
            "nutrition": 1,
            "saturation": 1,
            "can_always_eat": true
          },
          "minecraft:consumable": {
        "consume_seconds": 3,
        "animation": "drink",
        "sound": "entity.generic.drink",
        "has_consume_particles": false
          },
          "minecraft:item_name": "{\"text\":\"Noah Nog\",\"color\":\"#EAC435\"}",
          "minecraft:enchantment_glint_override": true,
          "minecraft:rarity": "epic",
          "minecraft:lore": [
            "{\"text\":\"mmm... nog...\",\"color\":\"#60495A\"}",
            "{\"text\":\"Resets all stats and abilities.\",\"italic\":false,\"color\":\"#EDF2F4\"}",
            "{\"text\":\"sanwichstats\",\"italic\":false,\"color\":\"#ac2c82\"}"
          ]
      }
    }
}