{
    "display": {
      "icon": {
        "id": "minecraft:cookie",
        "count": 1,
        "components": {
          "minecraft:enchantment_glint_override": true,
          "minecraft:custom_model_data": 9290001
        }
      },
      "title": {
        "text": "Weightless Macaron                   ",
        "color": "#EAC435",
        "clickEvent": {
          "action": "open_url",
          "value": "https://www.youtube.com/watch?v=yJKwZqOQaYI"
        }
      },
      "description": {
        "text": "Major Ability: Levitation (double-jump to activate)",
        "color": "#345995",
        "extra": [
            {
              "text": "\n-10 Health",
              "color": "#E83151"
          },
          {
            "text": "\n☹ You cannot wear elytra!",
            "color": "#E83151"
        },
        {
            "text": "\n☹ You are unaffected by slow falling effects.",
            "color": "#E83151"
        },
          {
            "text": "\n\nSomehow, It's completely weightless.",
            "color": "#60495A"
        },
        {
          "text": "\n\nLevitation causes weakness.\nLevitating makes you highly vulnerable to knockback and ranged attacks!\nThe Mace is too heavy for you to hold while levitating, and successful hits will deactivate levitation entirely!\nBe careful, and have fun!",
          "color": "#EDF2F4"
      }
        ]
      },
      "hidden":true,
      "frame": "goal",
      "show_toast": false,
      "announce_to_chat": false
    },
    "parent": "restat:packdesc/abilityitems/abilityitems",
    "criteria": {
      "requirement": {
        "trigger": "minecraft:impossible"
      }
    },
    "sends_telemetry_event": false
}