{
    "display": {
      "icon": {
        "id": "minecraft:milk_bucket",
        "count": 1,
        "components": {
          "minecraft:enchantment_glint_override": true,
          "minecraft:custom_model_data": 9290001
        }
      },
      "title": {
        "text": "Noah Nog                  ",
        "color": "#EAC435",
        "clickEvent": {
          "action": "open_url",
          "value": "https://www.youtube.com/watch?v=yJKwZqOQaYI"
        }
      },
      "description": {
        "text": "Resets all stats and abilities.",
        "color": "#EDF2F4",
        "extra": [
          {
            "text": "\n\nmmm... nog...",
            "color": "#60495A"
        }
        ]
      },
      "hidden": true,
      "frame": "goal",
      "show_toast": false,
      "announce_to_chat": false
    },
    "parent": "restat:packdesc/statitems/tequila",
    "criteria": {
      "requirement": {
        "trigger": "minecraft:impossible"
      }
    },
    "sends_telemetry_event": false
  }